Career Categories,,,,,,,,
Core Sciences,Rhythm,Logic,Visual,Observation,,,,
Applied Sciences,Rhythm,Logic,Visual,Observation,Physical Senses,,,
Engineering,Rhythm,Logic,Visual,Observation,Body Movement,,,
Information Technology & Computer Science,Rhythm,Logic,Visual,Observation,,,,
Data Science & Artificial Intelligence,Rhythm,Logic,Visual,Observation,,,,
Research & Development,Rhythm,Logic,Visual,Observation,Communication,,,
Robotics & Automation,Rhythm,Logic,Visual,Observation,Body Balance,,,
Space & Aerospace Sciences,Rhythm,Logic,Visual,Observation,Body Movement,,,
Medicine,Rhythm,Logic,Visual,Observation,Body Movement,Body Balance,,
Dentistry,Rhythm,Logic,Visual,Observation,Body Balance,,,
Pharmacy,Rhythm,Logic,Visual,Observation,Body Balance,,,
Nursing & Midwifery,Rhythm,Logic,Visual,Observation,Body Movement,,,
Physiotherapy & Rehabilitation,Rhythm,Logic,Observation,Body Movement,Body Balance,,,
Public Health,Rhythm,Management ,Logic,Communication,,,,
Clinical Research,Rhythm,Logic,Visual,Observation,Management,,,
Mental Health & Psychology,Rhythm,Logic,Visual,Communication,Physical Senses,,,
Nutrition & Dietetics,Rhythm,Logic,Visual,Observation,,,,
Veterinary Sciences,Rhythm,Logic,Visual,Body Movement,Body Balance,,,
Alternative & Holistic Medicine,Rhythm,Logic,Visual,Observation,,,,
General Management,Rhythm,Management ,Leadership,Communication,Logic,Visual,,
Strategic Planning & Consulting,Rhythm,Management ,Communication,Logic,Visual,,,
Entrepreneurship & Startups,Rhythm,Management ,Leadership,Communication,Logic,Visual,,
Accounting & Auditing,Rhythm,Management ,Leadership,Communication,Logic,,,
Banking & Financial Services,Rhythm,Management ,Leadership,Communication,Logic,Visual,,
Investment Banking & Wealth Management,Rhythm,Management ,Leadership,Communication,Logic,Visual,,
Economics & Policy Analysis,Rhythm,Management ,Leadership,Communication,Logic,Visual,Observation,
Insurance & Risk Management,Rhythm,Management ,Leadership,Communication,Logic,Observation,Visual,
Business Analytics & Operations,Rhythm,Management ,Leadership,Communication,Logic,Visual,,
Human Resources & Talent Development,Rhythm,Management ,Leadership,Communication,Visual,,,
Sales & Marketing,Rhythm,Management ,Leadership,Communication,Logic,Visual,Observation,
Marketing & Advertisment ,Rhythm,Management ,Leadership,Communication,Logic,Visual,Observation,
Logistics & Supply Chain,Rhythm,Management ,Leadership,Communication,Logic,Body Movement ,,
E-commerce & Retail Management,Rhythm,Management ,Communication,Logic,Observation,,,
International Business & Trade,Rhythm,Management ,Communication,Logic,Observation,Leadership,,
Actuarial Science,Rhythm,Logic,Visual,Observation,Management,,,
Real Estate & Property Management,Rhythm,Management ,Communication,Visual,Observation,,,
Corporate Law (Commerce Focused),Rhythm,Communication,Management,Visual,Observation,,,
Market Research & Consumer Insights,Rhythm,Observation,Communication,Management,Visual,,,
Corporate Law,Rhythm,Management ,Communication,Observation,Physical Senses,,,
Criminal Law,Rhythm,Management ,Communication,Observation,Physical Senses,,,
Civil Law & Litigation,Rhythm,Management ,Communication,Observation,Physical Senses,,,
Intellectual Property Law,Rhythm,Management ,Communication,Observation,Physical Senses,,,
International Law,Rhythm,Management ,Communication,Observation,Physical Senses,,,
Environmental Law,Rhythm,Management ,Communication,Observation,Physical Senses,,,
Legal Consultancy & Advocacy,Rhythm,Management ,Communication,Observation,Physical Senses,,,
Judicial Services,Rhythm,Management ,Communication,Observation,Physical Senses,,,
"Fine Arts (Painting, Sculpture, Installation)",Rhythm,Body Balance,Body Movement,Visual,Communication,Physical Senses,Management ,
"Performing Arts (Dance, Theatre, Music)",Rhythm,Body Balance,Body Movement,Visual,Communication,Physical Senses,,
Graphic Design,Rhythm,Body Balance,Body Movement,Visual,Communication,Physical Senses,,
Fashion Design,Rhythm,Body Balance,Body Movement,Visual,Communication,Physical Senses,Management ,
Interior Design,Rhythm,Body Balance,Body Movement,Visual,Communication,Physical Senses,Management ,
Animation & Multimedia,Rhythm,Body Balance,Body Movement,Visual,Communication,Physical Senses,Management ,Logic
Film & Video Production,Rhythm,Body Balance,Body Movement,Visual,Communication,Physical Senses,Management ,Logic
Photography,Rhythm,Body Balance,Body Movement,Visual,Communication,Physical Senses,,
Game Design & Development,Rhythm,Body Balance,Body Movement,Visual,Communication,Physical Senses,Logic,
UI/UX & Product Design,Rhythm,Body Balance,Body Movement,Visual,Communication,Physical Senses,Logic,Management
Advertising & Creative Direction,Rhythm,Management ,Leadership,Communication,Logic,Visual,Observation,
Psychology & Behavioral Sciences,Rhythm,Management ,Leadership,Visual,Physical Senses,Communication,Observation,
Sociology & Anthropology,Rhythm,Leadership,Visual,Physical Senses,Communication,Observation,,
History & Political Science,Rhythm,Leadership,Visual,Physical Senses,Communication,Observation,Observation,
Philosophy & Ethics,Rhythm,Management ,Visual,Physical Senses,Communication,Observation,,
Linguistics & Languages,Rhythm,Management ,Visual,Physical Senses,Communication,Observation,Observation,
International Relations & Diplomacy,Rhythm,Management ,Leadership,Visual,Physical Senses,Communication,Observation,
Gender Studies,Rhythm,Management ,Leadership,Visual,Logic,Communication,Observation,
Public Policy & Development Studies,Rhythm,Management ,Leadership,Visual,Logic,Communication,Observation,
School & Higher Education Teaching,Rhythm,Communication,Logic,Visual,Observation,Management,,
Special Education,Rhythm,Communication,Logic,Visual,Observation,Management,,
Curriculum Design,Rhythm,Communication,Logic,Visual,Observation,Management,,
Educational Administration,Rhythm,Communication,Logic,Visual,Observation,Management,,
Coaching & Mentoring,Rhythm,Communication,Logic,Visual,Observation,Management,,
EdTech & Instructional Design,Rhythm,Communication,Logic,Visual,Observation,Management,,
Hotel Management,Rhythm,Management ,Leadership,Visual,Body Balance,Body Movement ,Communication,Physical Senses
Culinary Arts,Rhythm,Management ,Leadership,Visual,Body Balance,Body Movement ,Communication,Physical Senses
Event Management,Rhythm,Management ,Leadership,Visual,Body Balance,Body Movement ,Communication,Physical Senses
Travel & Tourism Operations,Rhythm,Management ,Leadership,Visual,Body Balance,Body Movement ,Communication,Physical Senses
"Aviation Services (Cabin Crew, Ground Ops)",Rhythm,Management ,Leadership,Visual,Body Balance,Body Movement ,Communication,Physical Senses
"Civil Services (IAS, IRS, IPS)",Rhythm,Management ,Leadership,Observation,Logic,Communication,Body Movement,
Foreign Services,Rhythm,Management ,Leadership,Observation,Logic,Communication,Body Movement,
Urban Planning & Development,Rhythm,Management ,Leadership,Observation,Logic,Communication,Body Movement,
Public Policy & Governance,Rhythm,Management ,Leadership,Observation,Logic,Communication,Body Movement,
Non-Profit & NGO Sector,Rhythm,Management ,Leadership,Observation,Logic,Communication,Body Movement,
"Defense Forces (Army, Navy, Air Force)",Rhythm,Management ,Leadership,Observation,Logic,Communication,Body Movement,
Environmental Science & Policy,Rhythm,Physical Senses,Management,Leadership,Logic,Communication,Observation,
Renewable Energy,Rhythm,Physical Senses,Management,Leadership,Logic,Communication,Observation,
Wildlife Conservation,Rhythm,Physical Senses,Management,Leadership,Logic,Communication,Observation,Body Movement
Sustainable Architecture,Rhythm,Physical Senses,Management,Leadership,Logic,Communication,Observation,Body Movement
Climate Advocacy,Rhythm,Physical Senses,Management,Leadership,Logic,Communication,Observation,
Sports Coaching & Training,Rhythm,Body Movement ,Body Balance,Logic,Communication,Management,Leadership,Observation
Physical Education,Rhythm,Body Movement ,Body Balance,Communication,Management,,,
Sports Psychology,Rhythm,Body Movement ,Body Balance,Logic,Communication,Management,Leadership,Physical Senses
Athletic Therapy,Rhythm,Body Movement ,Body Balance,Logic,Communication,Management,Leadership,
Personal Training & Wellness Coaching,Rhythm,Body Movement ,Body Balance,Logic,Communication,Management,Observation,
Yoga & Alternative Fitness,Rhythm,Body Movement ,Body Balance,Logic,Communication,Management,Observation,
Agronomy & Crop Science,Rhythm,Body Movement ,Body Balance,Logic,Observation,Communication,Visual,
Horticulture,Rhythm,Body Movement ,Body Balance,Logic,Observation,Communication,Visual,
Animal Husbandry,Rhythm,Body Movement ,Body Balance,Logic,Observation,Communication,Physical Senses,
Agri-Business,Rhythm,Body Movement ,Body Balance,Logic,Observation,Communication,,
Food Technology,Rhythm,Body Movement ,Body Balance,Logic,Observation,Communication,Physical Senses,
Sustainable Farming,Rhythm,Body Movement ,Body Balance,Logic,Observation,Communication,Visual,
Architecture,Rhythm,Visual,Logic,Management,Observation,Physical Senses,Body Balance,
Urban Design & Planning,Rhythm,Visual,Logic,Management,Observation,Physical Senses,Body Balance,
Landscape Architecture,Rhythm,Visual,Logic,Management,Observation,Physical Senses,Body Balance,
Structural Engineering,Rhythm,Visual,Logic,Management,Observation,Body Balance,,
Construction Management,Rhythm,Visual,Logic,Management,Observation,Physical Senses,Body Balance,
Aviation Management,Rhythm,Logic,Visual,Communication,Management,Body Movement ,Observation,
Maritime & Shipping,Rhythm,Logic,Visual,Communication,Management,Body Movement ,Observation,
Railway Engineering,Rhythm,Logic,Visual,Communication,Management,Body Movement ,Observation,
Transport Planning,Rhythm,Logic,Visual,Communication,Management,Body Movement ,Observation,
Supply Chain & Inventory Control,Rhythm,Logic,Visual,Communication,Management,Body Movement ,Observation,
Police Services,Rhythm,Body Movement ,Logic,Visual,Observation,,,
Fire & Rescue,Rhythm,Body Movement ,Logic,Observation,,,,
Cybersecurity,Rhythm,Logic,Visual,Observation,Management,,,
Disaster Management,Rhythm,Body Movement ,Logic,Visual,Observation,,,
Forensic Sciences,Rhythm,Logic,Visual,Observation,Management,,,